|CustomerID|Age|Gender|MaritalStatus|IncomeLevel
0|1|62|M|Single|Low
1|2|65|M|Married|Low
2|3|18|M|Single|Low
3|4|21|M|Widowed|Low
4|5|21|M|Divorced|Medium
5|6|57|F|Divorced|Medium
6|7|27|F|Married|High
7|8|37|M|Single|Low
8|9|39|M|Divorced|High
9|10|68|M|Married|High
10|11|54|M|Divorced|Medium
11|12|41|F|Married|Low
12|13|24|F|Divorced|Low
13|14|42|M|Widowed|Medium
14|15|42|M|Divorced|Medium
15|16|30|F|Single|Medium
16|17|19|M|Married|Low
17|18|56|F|Married|High
18|19|57|F|Divorced|High
19|20|41|M|Single|Low
20|21|64|M|Divorced|High
21|22|42|F|Divorced|Low
22|23|35|F|Divorced|Low
23|24|55|M|Widowed|Medium
24|25|43|F|Married|Low
25|26|31|M|Single|Medium
26|27|26|M|Widowed|Medium
27|28|27|F|Widowed|High
28|29|38|F|Divorced|Medium
29|30|69|M|Divorced|High
30|31|34|M|Divorced|Low
31|32|69|F|Married|High
32|33|23|M|Divorced|High
33|34|33|M|Widowed|High
34|35|65|M|Married|Low
35|36|18|F|Widowed|Low
36|37|36|F|Married|Medium
37|38|53|F|Married|Low
38|39|42|M|Married|Medium
39|40|67|F|Widowed|Low
40|41|69|F|Married|High
41|42|47|M|Widowed|Medium
42|43|37|M|Single|Low
43|44|37|F|Widowed|Low
44|45|32|F|Widowed|Low
45|46|57|F|Married|High
46|47|50|F|Married|Medium
47|48|19|M|Divorced|Medium
48|49|27|F|Single|Medium
49|50|50|F|Single|Low
50|51|49|M|Divorced|Medium
51|52|28|M|Widowed|Medium
52|53|41|F|Widowed|Low
53|54|53|F|Married|Low
54|55|29|F|Single|Low
55|56|68|F|Married|Low
56|57|46|F|Divorced|High
57|58|52|M|Single|High
58|59|18|M|Married|Medium
59|60|18|F|Single|High
60|61|54|M|Single|Low
61|62|23|F|Married|High
62|63|56|M|Married|Low
63|64|58|F|Single|High
64|65|35|F|Divorced|Low
65|66|33|M|Widowed|Medium
66|67|22|F|Single|Medium
67|68|59|F|Divorced|High
68|69|60|F|Single|Low
69|70|49|F|Married|Medium
70|71|19|F|Divorced|Low
71|72|19|F|Divorced|High
72|73|57|M|Single|Low
73|74|59|M|Widowed|Low
74|75|53|F|Single|High
75|76|56|F|Widowed|Medium
76|77|29|M|Divorced|High
77|78|64|M|Widowed|Low
78|79|36|M|Married|High
79|80|45|M|Widowed|High
80|81|18|F|Widowed|Low
81|82|32|F|Divorced|High
82|83|53|M|Widowed|Medium
83|84|30|M|Divorced|Medium
84|85|60|M|Married|High
85|86|38|M|Married|Low
86|87|29|F|Single|High
87|88|22|M|Single|High
88|89|24|M|Single|Medium
89|90|22|M|Married|Medium
90|91|65|F|Widowed|Low
91|92|21|F|Divorced|Low
92|93|30|F|Married|Low
93|94|54|M|Widowed|High
94|95|58|F|Single|High
95|96|32|F|Divorced|High
96|97|33|M|Single|High
97|98|38|F|Divorced|Low
98|99|53|M|Widowed|Low
99|100|41|F|Married|Low
100|101|33|F|Single|High
101|102|31|M|Married|High
102|103|39|M|Widowed|Low
103|104|66|F|Widowed|Medium
104|105|67|F|Widowed|Low
105|106|23|M|Married|High
106|107|59|F|Married|High
107|108|53|M|Divorced|Low
108|109|18|M|Married|Medium
109|110|49|M|Married|Medium
110|111|23|F|Widowed|High
111|112|48|F|Divorced|High
112|113|18|F|Married|High
113|114|67|F|Married|Low
114|115|68|F|Widowed|High
115|116|54|M|Married|High
116|117|52|F|Widowed|High
117|118|66|M|Divorced|Medium
118|119|47|M|Widowed|Medium
119|120|21|F|Widowed|High
120|121|52|M|Divorced|Medium
121|122|60|F|Single|Medium
122|123|31|M|Widowed|Medium
123|124|66|M|Married|Medium
124|125|57|M|Widowed|Low
125|126|39|F|Divorced|Medium
126|127|27|F|Married|Medium
127|128|18|F|Divorced|Medium
128|129|28|F|Widowed|Medium
129|130|68|M|Divorced|Low
130|131|61|F|Divorced|Low
131|132|41|F|Single|High
132|133|20|M|Widowed|Medium
133|134|52|M|Widowed|Medium
134|135|53|F|Widowed|High
135|136|48|M|Widowed|Low
136|137|21|F|Married|High
137|138|36|M|Divorced|Low
138|139|64|F|Widowed|High
139|140|53|M|Married|High
140|141|38|F|Widowed|Medium
141|142|35|M|Divorced|High
142|143|68|F|Widowed|Low
143|144|45|F|Married|Low
144|145|32|F|Married|High
145|146|59|F|Divorced|Low
146|147|19|F|Widowed|High
147|148|54|F|Married|Medium
148|149|28|M|Single|Medium
149|150|40|F|Widowed|Medium
150|151|61|M|Single|Medium
151|152|58|F|Married|High
152|153|29|M|Married|Low
153|154|20|F|Divorced|High
154|155|69|M|Divorced|Low
155|156|34|F|Widowed|High
156|157|50|M|Married|Low
157|158|18|F|Married|Low
158|159|56|M|Married|High
159|160|37|M|Married|Medium
160|161|64|M|Single|High
161|162|60|F|Married|Medium
162|163|69|M|Divorced|High
163|164|58|F|Widowed|Low
164|165|31|F|Widowed|Medium
165|166|48|F|Widowed|Low
166|167|42|F|Single|Low
167|168|20|M|Married|Low
168|169|21|F|Widowed|High
169|170|48|M|Divorced|Low
170|171|52|F|Single|High
171|172|61|M|Married|Medium
172|173|31|F|Married|Low
173|174|66|F|Married|Medium
174|175|58|M|Married|Medium
175|176|26|F|Single|High
176|177|37|F|Divorced|Medium
177|178|49|F|Married|High
178|179|26|F|Single|High
179|180|44|F|Single|Medium
180|181|20|F|Divorced|Medium
181|182|21|F|Single|Medium
182|183|62|F|Single|High
183|184|32|M|Widowed|High
184|185|50|F|Widowed|Medium
185|186|22|M|Divorced|High
186|187|21|F|Widowed|Medium
187|188|63|M|Single|High
188|189|29|M|Single|High
189|190|40|M|Divorced|Low
190|191|31|F|Single|Low
191|192|63|F|Divorced|Medium
192|193|29|M|Widowed|Low
193|194|34|F|Widowed|High
194|195|42|F|Married|Medium
195|196|47|M|Widowed|Low
196|197|39|F|Married|Medium
197|198|64|M|Married|Medium
198|199|43|M|Married|High
199|200|34|F|Single|Low
200|201|37|M|Married|High
201|202|51|F|Widowed|Medium
202|203|58|F|Divorced|Medium
203|204|50|F|Widowed|Medium
204|205|54|F|Divorced|Low
205|206|24|M|Widowed|High
206|207|39|F|Divorced|High
207|208|49|F|Widowed|Low
208|209|31|F|Divorced|High
209|210|25|M|Married|High
210|211|42|M|Divorced|Medium
211|212|33|F|Married|Medium
212|213|59|F|Widowed|Medium
213|214|36|F|Divorced|Low
214|215|58|F|Divorced|Medium
215|216|33|F|Widowed|High
216|217|29|M|Married|Low
217|218|56|F|Married|High
218|219|65|M|Single|Low
219|220|47|M|Single|High
220|221|19|F|Single|Low
221|222|49|M|Divorced|High
222|223|62|F|Divorced|Medium
223|224|42|M|Divorced|Low
224|225|42|M|Widowed|High
225|226|21|F|Single|High
226|227|36|M|Widowed|High
227|228|65|F|Single|High
228|229|21|F|Single|Medium
229|230|60|F|Divorced|Medium
230|231|30|F|Married|Low
231|232|56|F|Single|Low
232|233|53|F|Married|High
233|234|40|M|Widowed|Low
234|235|23|M|Divorced|High
235|236|41|F|Single|Low
236|237|61|M|Divorced|Low
237|238|50|M|Widowed|High
238|239|29|F|Married|Medium
239|240|58|M|Divorced|High
240|241|38|F|Divorced|Medium
241|242|28|F|Single|Low
242|243|61|M|Married|Medium
243|244|55|F|Widowed|High
244|245|46|F|Single|Low
245|246|65|F|Divorced|Medium
246|247|58|F|Divorced|Medium
247|248|20|M|Married|High
248|249|45|F|Widowed|Low
249|250|37|M|Widowed|Low
250|251|43|F|Divorced|Medium
251|252|41|M|Widowed|Medium
252|253|69|M|Single|Medium
253|254|64|F|Married|Low
254|255|38|M|Divorced|Medium
255|256|47|F|Widowed|Medium
256|257|21|F|Widowed|Low
257|258|53|M|Single|Low
258|259|57|M|Widowed|High
259|260|27|M|Single|Low
260|261|27|M|Married|Low
261|262|59|F|Divorced|High
262|263|41|M|Single|Low
263|264|21|F|Widowed|High
264|265|64|M|Widowed|Low
265|266|44|M|Married|High
266|267|68|F|Single|Medium
267|268|62|M|Divorced|Medium
268|269|21|F|Widowed|Medium
269|270|49|M|Single|High
270|271|27|M|Widowed|Medium
271|272|28|F|Divorced|Low
272|273|45|F|Single|High
273|274|63|F|Widowed|Low
274|275|25|F|Divorced|Low
275|276|57|F|Single|Low
276|277|39|F|Single|High
277|278|51|F|Married|Low
278|279|62|M|Divorced|Medium
279|280|52|F|Single|High
280|281|52|M|Married|Medium
281|282|42|M|Single|High
282|283|51|F|Widowed|Low
283|284|23|M|Married|Medium
284|285|58|M|Single|High
285|286|54|F|Widowed|Low
286|287|18|M|Widowed|Low
287|288|29|F|Widowed|High
288|289|52|M|Married|High
289|290|23|M|Widowed|High
290|291|34|F|Divorced|High
291|292|26|M|Single|Medium
292|293|19|M|Divorced|High
293|294|35|F|Widowed|Low
294|295|66|F|Widowed|Medium
295|296|53|M|Divorced|Low
296|297|45|M|Married|Low
297|298|58|F|Widowed|High
298|299|54|M|Widowed|Medium
299|300|66|F|Divorced|High
300|301|43|F|Widowed|Low
301|302|21|M|Widowed|High
302|303|57|F|Married|High
303|304|53|F|Married|High
304|305|68|M|Married|High
305|306|48|F|Married|High
306|307|47|M|Married|High
307|308|67|M|Widowed|Medium
308|309|51|M|Single|High
309|310|36|F|Widowed|Medium
310|311|35|M|Widowed|High
311|312|47|M|Single|Medium
312|313|38|M|Divorced|Low
313|314|20|M|Single|Medium
314|315|23|F|Married|Medium
315|316|55|F|Widowed|Low
316|317|30|M|Married|High
317|318|62|F|Single|High
318|319|20|F|Divorced|Medium
319|320|65|F|Divorced|High
320|321|45|M|Widowed|High
321|322|39|F|Single|Low
322|323|57|F|Married|High
323|324|57|F|Married|High
324|325|29|F|Divorced|Medium
325|326|40|F|Widowed|High
326|327|48|M|Single|High
327|328|35|F|Married|Medium
328|329|24|F|Divorced|Medium
329|330|25|M|Widowed|Medium
330|331|36|M|Divorced|High
331|332|46|M|Widowed|High
332|333|61|M|Single|High
333|334|37|F|Divorced|High
334|335|67|F|Married|High
335|336|59|F|Widowed|High
336|337|47|F|Divorced|Medium
337|338|64|F|Widowed|Medium
338|339|39|M|Divorced|High
339|340|27|F|Divorced|Low
340|341|43|M|Single|Medium
341|342|68|M|Married|High
342|343|50|M|Divorced|Medium
343|344|45|F|Single|Low
344|345|27|F|Widowed|Medium
345|346|46|M|Widowed|Medium
346|347|61|M|Divorced|Medium
347|348|35|M|Married|Medium
348|349|59|M|Widowed|High
349|350|18|M|Divorced|Low
350|351|40|M|Widowed|High
351|352|34|F|Single|Medium
352|353|60|M|Divorced|Medium
353|354|54|M|Divorced|Medium
354|355|48|M|Divorced|Low
355|356|42|M|Single|Low
356|357|21|M|Divorced|High
357|358|69|F|Divorced|Medium
358|359|26|M|Single|Low
359|360|45|F|Widowed|Medium
360|361|47|M|Single|High
361|362|64|M|Married|High
362|363|41|F|Single|Low
363|364|50|M|Widowed|High
364|365|37|F|Divorced|Low
365|366|26|F|Divorced|Medium
366|367|25|F|Single|Low
367|368|41|F|Married|High
368|369|31|F|Single|Medium
369|370|35|F|Married|High
370|371|18|M|Single|Medium
371|372|29|F|Married|Medium
372|373|46|M|Married|Medium
373|374|54|M|Divorced|Medium
374|375|43|F|Married|High
375|376|50|F|Divorced|Low
376|377|60|F|Single|Medium
377|378|32|M|Single|High
378|379|40|F|Single|High
379|380|46|F|Single|High
380|381|38|M|Single|Low
381|382|36|F|Divorced|High
382|383|22|M|Single|High
383|384|40|F|Married|Low
384|385|53|M|Widowed|High
385|386|37|F|Divorced|High
386|387|25|M|Married|Low
387|388|26|F|Widowed|Low
388|389|31|F|Widowed|Low
389|390|23|M|Divorced|Medium
390|391|18|F|Married|Low
391|392|26|F|Widowed|Medium
392|393|33|M|Widowed|Medium
393|394|33|M|Divorced|Low
394|395|29|F|Single|Medium
395|396|22|M|Widowed|High
396|397|57|F|Divorced|High
397|398|46|F|Divorced|Low
398|399|63|M|Married|Medium
399|400|44|M|Divorced|High
400|401|28|F|Divorced|Medium
401|402|64|M|Single|Medium
402|403|67|F|Widowed|High
403|404|45|M|Married|Low
404|405|69|F|Divorced|Medium
405|406|53|F|Married|High
406|407|59|F|Widowed|Low
407|408|36|F|Divorced|Medium
408|409|52|F|Divorced|Medium
409|410|69|F|Married|Medium
410|411|48|F|Single|Medium
411|412|61|M|Widowed|Low
412|413|36|M|Widowed|Medium
413|414|63|M|Widowed|High
414|415|41|F|Divorced|High
415|416|19|M|Divorced|High
416|417|24|M|Divorced|Low
417|418|60|M|Married|High
418|419|66|M|Widowed|Medium
419|420|48|F|Widowed|Medium
420|421|34|F|Widowed|High
421|422|44|M|Single|Low
422|423|53|F|Divorced|Low
423|424|67|F|Widowed|Medium
424|425|60|F|Widowed|Medium
425|426|27|F|Divorced|High
426|427|62|F|Divorced|Low
427|428|31|M|Widowed|High
428|429|24|F|Married|Medium
429|430|56|M|Married|Medium
430|431|57|F|Married|High
431|432|26|M|Married|Low
432|433|31|M|Single|Medium
433|434|25|F|Married|Medium
434|435|34|M|Widowed|Low
435|436|40|F|Widowed|Medium
436|437|33|M|Widowed|Low
437|438|43|M|Married|Low
438|439|26|F|Divorced|Medium
439|440|53|M|Widowed|High
440|441|24|F|Married|Medium
441|442|35|M|Single|Medium
442|443|25|F|Single|Medium
443|444|38|M|Widowed|Medium
444|445|43|M|Divorced|High
445|446|20|F|Single|High
446|447|34|F|Married|High
447|448|68|M|Married|Low
448|449|63|F|Single|High
449|450|41|M|Widowed|Low
450|451|42|M|Widowed|Medium
451|452|22|M|Single|High
452|453|54|F|Married|High
453|454|62|F|Divorced|High
454|455|67|F|Married|High
455|456|41|M|Divorced|High
456|457|48|M|Divorced|Medium
457|458|43|M|Single|High
458|459|38|F|Widowed|Low
459|460|51|M|Divorced|Low
460|461|55|F|Married|High
461|462|41|F|Widowed|Low
462|463|45|F|Widowed|High
463|464|47|F|Married|Medium
464|465|51|F|Single|Low
465|466|69|M|Widowed|High
466|467|69|M|Divorced|Low
467|468|40|M|Married|High
468|469|25|M|Divorced|Low
469|470|59|F|Married|Medium
470|471|67|F|Married|Low
471|472|27|F|Widowed|Low
472|473|18|M|Married|Low
473|474|37|M|Widowed|Low
474|475|54|F|Married|High
475|476|35|M|Widowed|Medium
476|477|38|M|Widowed|Medium
477|478|66|M|Single|Low
478|479|21|F|Widowed|Low
479|480|60|M|Widowed|Medium
480|481|19|F|Widowed|Medium
481|482|38|M|Single|Medium
482|483|54|F|Divorced|Medium
483|484|22|M|Divorced|Low
484|485|34|M|Single|Medium
485|486|66|F|Widowed|Low
486|487|65|F|Widowed|Low
487|488|28|F|Married|Medium
488|489|63|M|Divorced|High
489|490|58|F|Widowed|Low
490|491|48|M|Widowed|Medium
491|492|45|F|Divorced|Low
492|493|61|M|Widowed|High
493|494|49|M|Single|Medium
494|495|38|M|Widowed|Low
495|496|24|F|Widowed|High
496|497|27|M|Divorced|High
497|498|45|F|Single|Low
498|499|65|M|Married|Medium
499|500|53|M|Divorced|Medium
500|501|37|M|Married|Low
501|502|30|M|Married|High
502|503|36|F|Single|High
503|504|67|M|Married|High
504|505|28|M|Single|High
505|506|52|F|Widowed|Low
506|507|51|M|Single|High
507|508|61|F|Divorced|Low
508|509|21|F|Married|Medium
509|510|30|M|Single|Medium
510|511|54|M|Divorced|High
511|512|19|F|Single|High
512|513|67|F|Married|High
513|514|18|F|Married|Medium
514|515|57|F|Divorced|Low
515|516|42|F|Divorced|Low
516|517|54|F|Divorced|Low
517|518|53|F|Divorced|High
518|519|23|F|Divorced|Low
519|520|24|M|Married|High
520|521|21|F|Widowed|Medium
521|522|52|M|Divorced|Low
522|523|58|M|Widowed|High
523|524|51|F|Divorced|Low
524|525|46|F|Divorced|Medium
525|526|22|M|Divorced|Low
526|527|44|M|Married|Low
527|528|50|F|Widowed|Medium
528|529|63|F|Married|High
529|530|69|F|Single|High
530|531|27|F|Divorced|High
531|532|23|M|Divorced|Low
532|533|51|M|Widowed|Low
533|534|25|M|Married|High
534|535|48|M|Married|High
535|536|26|M|Married|Low
536|537|38|M|Divorced|High
537|538|25|M|Widowed|High
538|539|21|F|Single|Low
539|540|39|F|Single|Medium
540|541|45|F|Married|Low
541|542|62|F|Widowed|High
542|543|21|M|Married|High
543|544|56|M|Married|Medium
544|545|38|F|Married|Medium
545|546|25|M|Single|Low
546|547|37|M|Single|Medium
547|548|49|M|Married|High
548|549|18|M|Widowed|High
549|550|23|F|Single|High
550|551|45|F|Married|High
551|552|61|F|Single|Medium
552|553|48|F|Divorced|High
553|554|27|M|Divorced|High
554|555|37|F|Single|High
555|556|25|M|Married|Low
556|557|39|F|Single|Low
557|558|55|M|Widowed|High
558|559|46|F|Married|Medium
559|560|26|M|Married|Medium
560|561|61|M|Married|Low
561|562|64|M|Married|Low
562|563|18|M|Widowed|Medium
563|564|58|M|Single|Low
564|565|69|M|Single|Low
565|566|56|M|Divorced|High
566|567|43|M|Married|Medium
567|568|28|M|Divorced|High
568|569|69|F|Widowed|Low
569|570|52|F|Single|Low
570|571|41|F|Single|Low
571|572|50|F|Married|Low
572|573|37|F|Single|Medium
573|574|44|M|Widowed|Medium
574|575|32|F|Widowed|Medium
575|576|50|F|Married|Medium
576|577|69|M|Divorced|High
577|578|24|F|Married|High
578|579|51|F|Widowed|High
579|580|62|M|Single|Low
580|581|68|F|Single|Medium
581|582|63|F|Single|Medium
582|583|59|M|Widowed|Medium
583|584|22|M|Divorced|High
584|585|47|M|Married|Low
585|586|45|M|Divorced|Low
586|587|35|F|Single|Low
587|588|53|F|Married|High
588|589|20|F|Widowed|Medium
589|590|38|M|Widowed|High
590|591|63|F|Divorced|Medium
591|592|33|M|Married|Low
592|593|54|F|Single|Medium
593|594|59|M|Divorced|Low
594|595|22|F|Widowed|Low
595|596|67|F|Married|Low
596|597|68|M|Married|Medium
597|598|31|M|Widowed|High
598|599|48|M|Single|Low
599|600|63|F|Single|Medium
600|601|41|F|Widowed|Low
601|602|52|M|Widowed|Medium
602|603|53|M|Single|High
603|604|27|M|Divorced|Low
604|605|44|M|Divorced|Low
605|606|44|F|Married|Low
606|607|40|M|Married|High
607|608|30|M|Divorced|Medium
608|609|33|F|Married|Low
609|610|52|F|Divorced|Low
610|611|44|M|Married|High
611|612|69|F|Divorced|Medium
612|613|56|M|Married|High
613|614|64|F|Married|High
614|615|34|F|Divorced|Low
615|616|65|M|Single|Medium
616|617|58|F|Divorced|Low
617|618|18|M|Divorced|Low
618|619|28|M|Widowed|High
619|620|29|F|Single|High
620|621|31|F|Married|Low
621|622|25|M|Single|High
622|623|48|F|Single|High
623|624|24|F|Single|Medium
624|625|63|F|Widowed|Low
625|626|48|M|Widowed|Low
626|627|33|F|Married|Medium
627|628|59|F|Divorced|High
628|629|56|M|Single|Medium
629|630|61|F|Married|Medium
630|631|36|M|Married|Medium
631|632|25|M|Widowed|High
632|633|46|M|Divorced|Medium
633|634|19|M|Divorced|Low
634|635|59|F|Widowed|High
635|636|20|M|Single|Medium
636|637|68|M|Widowed|Medium
637|638|46|M|Married|Medium
638|639|32|F|Widowed|Medium
639|640|55|M|Divorced|Medium
640|641|45|M|Single|Medium
641|642|54|M|Married|Low
642|643|49|M|Married|High
643|644|47|M|Divorced|Low
644|645|68|M|Widowed|Medium
645|646|64|M|Married|Medium
646|647|47|M|Widowed|Medium
647|648|68|M|Married|Low
648|649|51|M|Divorced|Medium
649|650|30|M|Married|Low
650|651|50|M|Married|High
651|652|59|F|Single|Low
652|653|34|F|Married|Low
653|654|20|M|Divorced|High
654|655|26|F|Married|Medium
655|656|69|F|Divorced|Low
656|657|28|F|Widowed|High
657|658|66|M|Divorced|Low
658|659|44|F|Widowed|Low
659|660|45|F|Married|High
660|661|19|M|Divorced|Low
661|662|18|F|Single|High
662|663|23|F|Divorced|Low
663|664|42|F|Widowed|Medium
664|665|52|F|Widowed|High
665|666|33|M|Single|Medium
666|667|21|F|Divorced|Low
667|668|64|M|Married|Medium
668|669|55|F|Divorced|High
669|670|61|F|Divorced|Low
670|671|37|F|Divorced|High
671|672|42|F|Single|Low
672|673|24|F|Single|Medium
673|674|38|M|Single|Medium
674|675|24|M|Single|High
675|676|46|M|Single|High
676|677|69|F|Married|Low
677|678|24|M|Divorced|High
678|679|20|F|Divorced|High
679|680|46|M|Married|Medium
680|681|46|M|Married|High
681|682|56|M|Married|High
682|683|55|F|Married|Low
683|684|23|M|Single|Medium
684|685|63|F|Divorced|Medium
685|686|27|M|Married|Low
686|687|54|F|Widowed|Medium
687|688|31|F|Married|Low
688|689|39|F|Divorced|Low
689|690|49|F|Widowed|High
690|691|35|F|Married|High
691|692|53|F|Single|Low
692|693|63|F|Single|High
693|694|69|F|Widowed|High
694|695|26|F|Single|Medium
695|696|43|F|Widowed|Medium
696|697|39|M|Married|High
697|698|63|F|Divorced|Low
698|699|55|M|Widowed|Low
699|700|40|M|Married|High
700|701|34|F|Widowed|High
701|702|43|M|Divorced|Low
702|703|64|F|Single|Medium
703|704|55|F|Single|Medium
704|705|19|M|Widowed|Low
705|706|23|F|Divorced|High
706|707|24|M|Married|Medium
707|708|30|M|Married|Low
708|709|44|M|Married|High
709|710|28|M|Widowed|High
710|711|32|F|Single|Medium
711|712|26|F|Widowed|High
712|713|25|F|Widowed|Low
713|714|63|M|Widowed|Low
714|715|23|F|Married|Low
715|716|65|M|Divorced|Low
716|717|60|M|Widowed|High
717|718|21|M|Married|Low
718|719|28|M|Widowed|Medium
719|720|68|M|Widowed|High
720|721|45|M|Married|High
721|722|43|F|Divorced|High
722|723|21|F|Divorced|Low
723|724|32|F|Single|High
724|725|36|M|Widowed|Low
725|726|23|M|Single|Low
726|727|22|F|Married|High
727|728|35|F|Widowed|High
728|729|23|F|Married|Low
729|730|48|M|Single|High
730|731|42|F|Married|High
731|732|21|F|Married|Low
732|733|23|M|Divorced|Low
733|734|58|M|Widowed|High
734|735|54|F|Widowed|Low
735|736|67|F|Widowed|Low
736|737|42|M|Married|Medium
737|738|51|M|Divorced|High
738|739|36|M|Single|High
739|740|51|M|Widowed|High
740|741|32|F|Married|High
741|742|67|F|Divorced|High
742|743|25|F|Divorced|Low
743|744|61|F|Widowed|High
744|745|64|F|Divorced|High
745|746|66|M|Divorced|Medium
746|747|51|M|Married|Low
747|748|35|F|Single|High
748|749|47|M|Divorced|High
749|750|30|F|Single|High
750|751|64|F|Divorced|High
751|752|50|F|Divorced|Low
752|753|52|F|Divorced|Medium
753|754|69|M|Widowed|Medium
754|755|41|F|Widowed|High
755|756|43|F|Widowed|Medium
756|757|64|F|Single|Medium
757|758|68|M|Single|Medium
758|759|61|F|Widowed|Medium
759|760|59|M|Single|Medium
760|761|64|M|Married|Low
761|762|18|F|Single|Low
762|763|30|M|Married|Low
763|764|27|M|Widowed|Medium
764|765|36|F|Married|Low
765|766|22|F|Widowed|Medium
766|767|25|M|Widowed|Medium
767|768|21|F|Widowed|Low
768|769|66|M|Single|High
769|770|30|F|Divorced|Medium
770|771|55|F|Divorced|Medium
771|772|63|F|Married|Low
772|773|66|M|Divorced|Medium
773|774|63|M|Widowed|Medium
774|775|36|M|Divorced|Medium
775|776|69|F|Married|Low
776|777|67|M|Widowed|High
777|778|25|F|Single|High
778|779|44|F|Widowed|Low
779|780|67|M|Widowed|Medium
780|781|64|F|Married|High
781|782|47|M|Single|Low
782|783|21|F|Widowed|Low
783|784|28|M|Single|Medium
784|785|38|F|Widowed|Medium
785|786|60|F|Widowed|Low
786|787|19|M|Married|Low
787|788|38|M|Widowed|Low
788|789|34|F|Widowed|High
789|790|60|M|Widowed|Medium
790|791|68|F|Divorced|Low
791|792|46|F|Single|Medium
792|793|44|F|Married|High
793|794|41|F|Married|Low
794|795|66|F|Married|Medium
795|796|20|M|Widowed|High
796|797|56|M|Single|Low
797|798|27|M|Divorced|Medium
798|799|20|F|Divorced|Low
799|800|62|M|Married|Medium
800|801|59|M|Single|Medium
801|802|43|M|Divorced|High
802|803|54|F|Married|High
803|804|44|M|Divorced|High
804|805|22|M|Divorced|High
805|806|59|M|Single|High
806|807|28|F|Married|Medium
807|808|30|M|Divorced|High
808|809|58|F|Widowed|Medium
809|810|51|F|Widowed|Medium
810|811|55|M|Divorced|Low
811|812|57|F|Single|Medium
812|813|50|M|Single|Medium
813|814|51|F|Divorced|High
814|815|44|M|Single|Medium
815|816|53|M|Single|High
816|817|43|F|Widowed|Medium
817|818|68|M|Married|Medium
818|819|42|F|Married|High
819|820|36|M|Divorced|Low
820|821|38|F|Divorced|Medium
821|822|48|F|Divorced|Medium
822|823|46|F|Widowed|High
823|824|26|F|Widowed|High
824|825|36|F|Single|Low
825|826|43|M|Widowed|Low
826|827|42|M|Married|Low
827|828|57|F|Widowed|Medium
828|829|60|M|Divorced|Medium
829|830|46|M|Married|High
830|831|42|F|Single|High
831|832|36|F|Married|High
832|833|21|F|Widowed|Low
833|834|62|F|Widowed|Low
834|835|37|M|Single|Low
835|836|63|M|Divorced|Medium
836|837|18|F|Single|Medium
837|838|28|M|Single|High
838|839|21|M|Single|Low
839|840|24|F|Single|Medium
840|841|45|M|Widowed|Low
841|842|53|M|Divorced|Medium
842|843|24|F|Married|Low
843|844|37|M|Divorced|Medium
844|845|52|M|Divorced|Medium
845|846|68|M|Single|Medium
846|847|68|F|Divorced|Medium
847|848|56|F|Single|High
848|849|38|M|Married|Low
849|850|61|F|Single|Medium
850|851|18|M|Married|Medium
851|852|54|F|Divorced|Low
852|853|63|M|Single|Medium
853|854|59|F|Widowed|Medium
854|855|20|M|Married|Low
855|856|51|M|Divorced|High
856|857|30|F|Married|High
857|858|33|M|Single|Medium
858|859|51|M|Widowed|High
859|860|41|F|Married|High
860|861|30|F|Married|Medium
861|862|23|M|Married|Medium
862|863|56|M|Divorced|High
863|864|19|M|Widowed|Medium
864|865|28|F|Widowed|Medium
865|866|24|F|Widowed|High
866|867|24|M|Married|Low
867|868|56|M|Married|High
868|869|56|M|Married|High
869|870|29|M|Married|High
870|871|68|F|Single|Medium
871|872|39|M|Single|High
872|873|68|M|Divorced|Medium
873|874|68|F|Married|Low
874|875|69|F|Divorced|High
875|876|20|F|Widowed|Low
876|877|30|F|Married|High
877|878|47|M|Single|Medium
878|879|27|M|Married|Low
879|880|69|F|Widowed|High
880|881|26|F|Divorced|Low
881|882|23|M|Married|Medium
882|883|61|M|Single|Medium
883|884|19|M|Widowed|High
884|885|61|F|Widowed|High
885|886|33|F|Divorced|Low
886|887|30|F|Married|Medium
887|888|65|M|Single|Medium
888|889|30|M|Married|High
889|890|39|M|Single|Medium
890|891|36|F|Divorced|Medium
891|892|43|F|Widowed|Medium
892|893|31|M|Divorced|Low
893|894|48|M|Widowed|Low
894|895|46|F|Married|Low
895|896|62|F|Widowed|Medium
896|897|59|F|Single|High
897|898|39|M|Divorced|High
898|899|24|M|Widowed|High
899|900|54|F|Widowed|Low
900|901|66|M|Married|Medium
901|902|58|F|Married|Low
902|903|44|M|Married|Low
903|904|48|M|Single|High
904|905|23|M|Married|High
905|906|33|F|Widowed|Medium
906|907|55|M|Single|Low
907|908|55|F|Married|Medium
908|909|67|M|Widowed|Low
909|910|49|F|Single|Medium
910|911|50|F|Widowed|Low
911|912|66|F|Married|Medium
912|913|34|F|Married|Low
913|914|50|F|Single|Low
914|915|28|M|Divorced|High
915|916|30|M|Widowed|Low
916|917|47|F|Widowed|High
917|918|18|F|Divorced|Medium
918|919|47|F|Divorced|High
919|920|44|M|Widowed|Low
920|921|57|F|Single|High
921|922|40|M|Divorced|High
922|923|37|F|Married|Medium
923|924|23|M|Single|High
924|925|54|F|Divorced|Medium
925|926|37|M|Married|Medium
926|927|54|M|Married|High
927|928|23|F|Widowed|Low
928|929|46|F|Single|Medium
929|930|30|F|Divorced|High
930|931|44|F|Married|Medium
931|932|67|M|Widowed|High
932|933|37|M|Divorced|High
933|934|30|M|Married|Low
934|935|56|M|Widowed|High
935|936|25|M|Married|Medium
936|937|34|M|Widowed|Medium
937|938|47|F|Widowed|Low
938|939|18|M|Single|Medium
939|940|41|M|Divorced|Low
940|941|33|M|Widowed|High
941|942|28|F|Married|High
942|943|21|M|Divorced|High
943|944|21|F|Divorced|Low
944|945|34|M|Divorced|Medium
945|946|66|M|Single|Medium
946|947|27|F|Widowed|High
947|948|38|M|Widowed|Medium
948|949|55|M|Widowed|Low
949|950|66|F|Widowed|Low
950|951|35|F|Married|Low
951|952|27|M|Widowed|Low
952|953|62|M|Divorced|Medium
953|954|33|F|Widowed|Low
954|955|56|F|Widowed|Medium
955|956|32|F|Widowed|High
956|957|51|F|Widowed|Medium
957|958|22|M|Single|Low
958|959|34|M|Divorced|Medium
959|960|54|F|Single|High
960|961|25|M|Divorced|High
961|962|41|F|Widowed|High
962|963|45|F|Widowed|Medium
963|964|64|M|Divorced|Low
964|965|25|F|Divorced|Low
965|966|40|F|Single|Medium
966|967|52|M|Single|Low
967|968|48|M|Married|Low
968|969|34|F|Married|Medium
969|970|45|M|Single|High
970|971|65|M|Married|Low
971|972|65|M|Single|High
972|973|68|M|Single|Low
973|974|29|M|Single|High
974|975|41|M|Married|High
975|976|32|F|Divorced|Low
976|977|57|M|Widowed|Low
977|978|48|F|Married|Medium
978|979|44|F|Widowed|Low
979|980|52|F|Widowed|Low
980|981|35|M|Divorced|Medium
981|982|53|M|Married|High
982|983|25|F|Widowed|Medium
983|984|63|F|Divorced|High
984|985|66|F|Divorced|Medium
985|986|55|F|Single|Low
986|987|22|M|Married|Low
987|988|31|F|Widowed|High
988|989|55|M|Divorced|Low
989|990|37|F|Widowed|High
990|991|61|M|Married|Medium
991|992|26|M|Single|Low
992|993|50|F|Widowed|High
993|994|35|F|Single|Medium
994|995|23|F|Divorced|Low
995|996|54|F|Single|Low
996|997|19|M|Widowed|High
997|998|47|M|Married|Low
998|999|23|M|Widowed|High
999|1000|34|M|Widowed|Low
