|CustomerID|InteractionID|InteractionDate|InteractionType|ResolutionStatus
0|1|6363|2022-03-31|Inquiry|Resolved
1|2|3329|2022-03-17|Inquiry|Resolved
2|3|9976|2022-08-24|Inquiry|Resolved
3|4|7354|2022-11-18|Inquiry|Resolved
4|4|5393|2022-07-03|Inquiry|Unresolved
5|6|2358|2022-05-05|Feedback|Resolved
6|8|4191|2022-04-29|Inquiry|Unresolved
7|8|8937|2022-09-13|Feedback|Unresolved
8|9|7813|2022-08-15|Inquiry|Resolved
9|11|6610|2022-10-28|Feedback|Resolved
10|11|7511|2022-01-26|Feedback|Unresolved
11|12|8485|2022-11-29|Feedback|Resolved
12|12|7872|2022-01-12|Inquiry|Unresolved
13|13|9681|2022-07-27|Complaint|Resolved
14|14|4459|2022-07-25|Complaint|Unresolved
15|14|8823|2022-07-29|Feedback|Resolved
16|15|6644|2022-10-18|Feedback|Unresolved
17|15|3914|2022-02-04|Complaint|Unresolved
18|16|5761|2022-06-30|Inquiry|Resolved
19|16|9278|2022-09-08|Inquiry|Resolved
20|17|2246|2022-05-11|Inquiry|Unresolved
21|17|7540|2022-05-06|Inquiry|Resolved
22|18|9487|2022-11-08|Inquiry|Unresolved
23|19|9979|2022-11-28|Complaint|Unresolved
24|19|8180|2022-04-18|Complaint|Unresolved
25|20|9094|2022-07-19|Feedback|Resolved
26|22|2931|2022-01-07|Inquiry|Resolved
27|22|6355|2022-08-06|Inquiry|Resolved
28|23|4991|2022-03-18|Complaint|Unresolved
29|23|6401|2022-02-23|Complaint|Resolved
30|24|2733|2022-11-02|Complaint|Resolved
31|25|8432|2022-12-06|Feedback|Resolved
32|26|3912|2022-12-12|Complaint|Resolved
33|27|9414|2022-06-13|Feedback|Unresolved
34|28|4174|2022-04-14|Complaint|Unresolved
35|28|2029|2022-12-01|Inquiry|Unresolved
36|29|8538|2022-09-13|Inquiry|Resolved
37|29|3691|2022-04-14|Feedback|Unresolved
38|30|3289|2022-04-04|Complaint|Resolved
39|30|4606|2022-10-16|Complaint|Unresolved
40|31|6635|2022-06-18|Inquiry|Resolved
41|31|5130|2022-05-09|Complaint|Resolved
42|33|8219|2022-05-30|Feedback|Resolved
43|34|7853|2022-07-02|Feedback|Resolved
44|34|5032|2022-05-19|Feedback|Unresolved
45|35|6454|2022-07-07|Complaint|Unresolved
46|36|4092|2022-10-28|Feedback|Resolved
47|37|9496|2022-03-20|Complaint|Resolved
48|38|5906|2022-03-25|Inquiry|Resolved
49|40|7375|2022-11-23|Complaint|Resolved
50|41|5924|2022-02-26|Inquiry|Unresolved
51|43|4688|2022-04-01|Inquiry|Unresolved
52|43|2976|2022-11-16|Inquiry|Resolved
53|44|5996|2022-04-18|Feedback|Unresolved
54|45|7946|2022-06-25|Complaint|Unresolved
55|50|8594|2022-02-27|Complaint|Unresolved
56|50|3511|2022-11-03|Feedback|Unresolved
57|54|7895|2022-01-12|Feedback|Resolved
58|54|9831|2022-11-21|Complaint|Resolved
59|57|3525|2022-12-07|Complaint|Unresolved
60|58|5295|2022-07-17|Inquiry|Unresolved
61|58|4341|2022-01-21|Complaint|Unresolved
62|60|6180|2022-06-08|Feedback|Resolved
63|60|9473|2022-03-27|Feedback|Unresolved
64|61|4959|2022-04-10|Complaint|Resolved
65|62|9191|2022-12-27|Inquiry|Resolved
66|62|5275|2022-03-02|Complaint|Resolved
67|67|2826|2022-04-29|Inquiry|Resolved
68|67|8888|2022-05-21|Inquiry|Resolved
69|68|6970|2022-06-06|Complaint|Unresolved
70|68|9825|2022-01-26|Inquiry|Unresolved
71|69|2127|2022-10-05|Feedback|Resolved
72|71|7774|2022-01-21|Inquiry|Unresolved
73|71|8178|2022-04-13|Feedback|Resolved
74|72|4838|2022-01-08|Complaint|Unresolved
75|72|8975|2022-01-02|Complaint|Resolved
76|73|4011|2022-08-15|Inquiry|Resolved
77|74|7342|2022-03-02|Complaint|Resolved
78|75|7751|2022-08-21|Inquiry|Resolved
79|76|2857|2022-11-18|Inquiry|Resolved
80|76|8428|2022-11-01|Complaint|Unresolved
81|78|6946|2022-11-23|Inquiry|Unresolved
82|79|4328|2022-01-28|Complaint|Resolved
83|83|9746|2022-03-21|Feedback|Unresolved
84|83|5867|2022-04-22|Feedback|Unresolved
85|87|6132|2022-12-10|Inquiry|Resolved
86|87|7449|2022-03-01|Complaint|Unresolved
87|90|7718|2022-09-04|Inquiry|Resolved
88|91|3852|2022-05-24|Inquiry|Unresolved
89|91|8238|2022-01-14|Feedback|Resolved
90|92|7698|2022-10-06|Feedback|Unresolved
91|92|6988|2022-03-28|Inquiry|Resolved
92|93|9266|2022-04-07|Complaint|Resolved
93|93|2922|2022-10-07|Complaint|Resolved
94|95|5828|2022-07-30|Complaint|Resolved
95|96|5701|2022-01-26|Complaint|Unresolved
96|96|8412|2022-02-20|Complaint|Unresolved
97|97|5336|2022-04-16|Inquiry|Resolved
98|97|8734|2022-08-11|Complaint|Resolved
99|98|7770|2022-11-28|Feedback|Resolved
100|100|6015|2022-02-03|Feedback|Resolved
101|100|9923|2022-12-01|Complaint|Resolved
102|101|8080|2022-10-21|Feedback|Unresolved
103|101|8740|2022-05-07|Inquiry|Resolved
104|102|7740|2022-10-30|Feedback|Resolved
105|102|9363|2022-09-03|Complaint|Unresolved
106|103|4829|2022-09-27|Feedback|Resolved
107|103|9008|2022-12-25|Feedback|Resolved
108|104|4863|2022-04-22|Inquiry|Unresolved
109|104|4455|2022-01-03|Inquiry|Resolved
110|105|2978|2022-10-16|Inquiry|Unresolved
111|105|3694|2022-06-08|Inquiry|Unresolved
112|106|4817|2022-05-03|Complaint|Unresolved
113|106|4530|2022-05-21|Inquiry|Resolved
114|108|3662|2022-07-20|Feedback|Unresolved
115|108|4622|2022-11-13|Inquiry|Unresolved
116|109|5524|2022-05-14|Inquiry|Unresolved
117|109|5828|2022-12-11|Complaint|Unresolved
118|110|3216|2022-08-08|Inquiry|Resolved
119|110|6525|2022-12-05|Feedback|Resolved
120|111|8650|2022-03-05|Inquiry|Unresolved
121|112|8229|2022-03-09|Inquiry|Resolved
122|113|7298|2022-08-16|Complaint|Unresolved
123|116|3200|2022-05-26|Complaint|Resolved
124|118|4052|2022-02-02|Inquiry|Unresolved
125|119|3991|2022-01-19|Complaint|Resolved
126|119|3986|2022-02-26|Feedback|Resolved
127|120|6920|2022-05-25|Feedback|Unresolved
128|120|3817|2022-11-07|Complaint|Resolved
129|121|9255|2022-12-06|Complaint|Unresolved
130|121|8238|2022-04-08|Complaint|Resolved
131|122|2723|2022-04-01|Feedback|Resolved
132|123|7104|2022-08-17|Inquiry|Resolved
133|123|4351|2022-11-11|Inquiry|Resolved
134|124|5299|2022-12-25|Feedback|Resolved
135|124|6920|2022-12-04|Inquiry|Resolved
136|127|2493|2022-04-28|Feedback|Resolved
137|128|8780|2022-06-02|Complaint|Resolved
138|128|9671|2022-08-17|Complaint|Unresolved
139|129|6991|2022-05-10|Inquiry|Resolved
140|130|8482|2022-09-06|Feedback|Unresolved
141|131|4112|2022-12-03|Inquiry|Resolved
142|133|2039|2022-08-12|Inquiry|Resolved
143|134|8616|2022-04-26|Inquiry|Unresolved
144|138|8812|2022-02-28|Inquiry|Unresolved
145|139|3558|2022-03-19|Feedback|Resolved
146|139|9257|2022-07-18|Inquiry|Unresolved
147|140|3028|2022-04-27|Feedback|Resolved
148|141|9304|2022-05-23|Complaint|Resolved
149|141|8929|2022-01-29|Complaint|Resolved
150|142|3619|2022-03-04|Feedback|Unresolved
151|143|7823|2022-12-07|Inquiry|Resolved
152|144|7937|2022-07-15|Inquiry|Resolved
153|145|3367|2022-10-02|Complaint|Unresolved
154|145|7804|2022-10-27|Feedback|Unresolved
155|147|7815|2022-06-21|Complaint|Unresolved
156|147|4454|2022-11-19|Feedback|Resolved
157|148|5013|2022-03-21|Inquiry|Unresolved
158|148|5034|2022-06-12|Complaint|Resolved
159|149|8121|2022-03-15|Complaint|Resolved
160|151|6378|2022-10-21|Feedback|Unresolved
161|151|5962|2022-11-21|Inquiry|Resolved
162|153|8112|2022-08-04|Complaint|Unresolved
163|155|7261|2022-09-17|Complaint|Resolved
164|155|9291|2022-11-24|Complaint|Resolved
165|159|7740|2022-04-02|Complaint|Unresolved
166|159|6253|2022-04-12|Inquiry|Unresolved
167|160|8843|2022-02-18|Inquiry|Unresolved
168|160|5590|2022-07-19|Complaint|Resolved
169|161|2424|2022-06-26|Complaint|Unresolved
170|162|4723|2022-08-03|Feedback|Unresolved
171|162|5523|2022-11-27|Complaint|Resolved
172|163|3288|2022-03-04|Feedback|Resolved
173|163|6272|2022-10-15|Inquiry|Unresolved
174|164|3470|2022-12-06|Feedback|Resolved
175|166|7587|2022-11-12|Feedback|Resolved
176|167|8076|2022-12-04|Feedback|Resolved
177|168|6346|2022-09-16|Complaint|Unresolved
178|168|7928|2022-04-24|Complaint|Resolved
179|169|7811|2022-07-09|Inquiry|Unresolved
180|170|8380|2022-01-05|Inquiry|Unresolved
181|171|6649|2022-09-16|Feedback|Resolved
182|172|2760|2022-01-26|Complaint|Unresolved
183|172|7078|2022-07-01|Inquiry|Resolved
184|173|2218|2022-11-14|Inquiry|Resolved
185|174|3144|2022-03-30|Complaint|Unresolved
186|175|6976|2022-01-24|Inquiry|Resolved
187|175|9904|2022-03-20|Inquiry|Unresolved
188|177|8684|2022-02-09|Inquiry|Unresolved
189|182|4508|2022-08-30|Inquiry|Resolved
190|182|2805|2022-11-25|Inquiry|Resolved
191|183|4856|2022-02-03|Inquiry|Resolved
192|185|4063|2022-10-22|Complaint|Resolved
193|185|5937|2022-04-14|Inquiry|Resolved
194|187|2619|2022-11-17|Complaint|Resolved
195|187|8439|2022-08-21|Feedback|Resolved
196|188|6012|2022-01-04|Inquiry|Unresolved
197|188|4802|2022-09-13|Feedback|Resolved
198|189|6689|2022-09-03|Inquiry|Unresolved
199|189|8963|2022-03-21|Feedback|Resolved
200|190|6980|2022-06-08|Inquiry|Unresolved
201|191|8422|2022-03-29|Inquiry|Unresolved
202|191|4119|2022-01-18|Feedback|Resolved
203|192|8017|2022-11-26|Complaint|Unresolved
204|192|5018|2022-04-04|Feedback|Resolved
205|193|2699|2022-10-16|Inquiry|Unresolved
206|193|5725|2022-10-05|Feedback|Resolved
207|195|5708|2022-08-25|Feedback|Resolved
208|195|4327|2022-09-16|Inquiry|Unresolved
209|196|7851|2022-01-26|Complaint|Unresolved
210|196|3155|2022-04-27|Inquiry|Unresolved
211|197|9159|2022-07-15|Inquiry|Unresolved
212|197|9411|2022-03-15|Complaint|Resolved
213|199|9349|2022-04-01|Complaint|Unresolved
214|199|3639|2022-11-16|Feedback|Resolved
215|200|9678|2022-04-11|Complaint|Resolved
216|200|4226|2022-11-16|Inquiry|Resolved
217|201|5856|2022-08-21|Feedback|Unresolved
218|201|3875|2022-03-26|Inquiry|Resolved
219|202|8000|2022-07-19|Inquiry|Resolved
220|202|2886|2022-09-14|Feedback|Resolved
221|203|3069|2022-07-23|Complaint|Resolved
222|203|5895|2022-08-28|Complaint|Resolved
223|204|6838|2022-03-29|Feedback|Unresolved
224|204|6534|2022-07-07|Feedback|Resolved
225|212|9483|2022-11-01|Feedback|Resolved
226|213|2422|2022-01-13|Complaint|Resolved
227|215|5360|2022-10-24|Complaint|Unresolved
228|215|3223|2022-11-24|Inquiry|Unresolved
229|216|6378|2022-09-20|Feedback|Resolved
230|216|2510|2022-12-13|Feedback|Resolved
231|217|6798|2022-04-03|Feedback|Unresolved
232|221|8943|2022-05-21|Complaint|Resolved
233|223|6254|2022-08-21|Inquiry|Resolved
234|225|2585|2022-01-14|Feedback|Unresolved
235|225|2241|2022-05-11|Feedback|Resolved
236|226|6208|2022-01-21|Feedback|Unresolved
237|228|4403|2022-08-04|Inquiry|Unresolved
238|228|5711|2022-07-11|Feedback|Resolved
239|229|5875|2022-08-12|Inquiry|Unresolved
240|230|9131|2022-09-09|Complaint|Unresolved
241|230|4772|2022-02-11|Complaint|Resolved
242|232|5340|2022-03-16|Feedback|Unresolved
243|232|2718|2022-11-24|Feedback|Unresolved
244|233|6203|2022-09-20|Inquiry|Resolved
245|233|7230|2022-10-09|Inquiry|Resolved
246|235|4938|2022-02-24|Feedback|Unresolved
247|235|6706|2022-07-11|Feedback|Unresolved
248|236|4973|2022-01-08|Feedback|Resolved
249|236|6982|2022-07-08|Complaint|Resolved
250|238|5806|2022-07-07|Inquiry|Unresolved
251|239|6086|2022-11-05|Complaint|Unresolved
252|240|7609|2022-03-24|Complaint|Resolved
253|241|4335|2022-05-29|Complaint|Resolved
254|242|8216|2022-09-24|Feedback|Resolved
255|242|2632|2022-05-30|Complaint|Unresolved
256|243|3059|2022-12-18|Inquiry|Unresolved
257|244|2046|2022-09-10|Complaint|Unresolved
258|244|7082|2022-03-15|Complaint|Unresolved
259|246|2590|2022-09-30|Inquiry|Resolved
260|247|2016|2022-02-23|Feedback|Resolved
261|247|5434|2022-10-23|Complaint|Resolved
262|248|9511|2022-06-26|Complaint|Unresolved
263|249|7243|2022-01-13|Complaint|Unresolved
264|250|9779|2022-04-15|Inquiry|Resolved
265|251|7921|2022-10-13|Complaint|Resolved
266|253|7241|2022-07-22|Complaint|Resolved
267|254|7813|2022-07-12|Complaint|Unresolved
268|254|7136|2022-07-28|Inquiry|Resolved
269|255|3218|2022-04-16|Complaint|Unresolved
270|256|9859|2022-05-13|Inquiry|Resolved
271|256|3326|2022-08-10|Feedback|Unresolved
272|257|4141|2022-12-24|Inquiry|Resolved
273|258|7607|2022-07-22|Complaint|Unresolved
274|258|5207|2022-11-08|Feedback|Resolved
275|259|4771|2022-06-06|Feedback|Resolved
276|260|4118|2022-12-26|Inquiry|Resolved
277|261|2095|2022-05-30|Complaint|Unresolved
278|262|8719|2022-04-18|Feedback|Unresolved
279|262|8652|2022-03-03|Feedback|Unresolved
280|263|2855|2022-05-20|Complaint|Resolved
281|263|5948|2022-07-07|Feedback|Resolved
282|264|4497|2022-03-05|Inquiry|Resolved
283|266|6179|2022-12-02|Inquiry|Resolved
284|267|4126|2022-10-04|Inquiry|Unresolved
285|269|6563|2022-01-09|Feedback|Unresolved
286|269|7076|2022-05-19|Feedback|Resolved
287|270|6095|2022-03-16|Inquiry|Unresolved
288|272|3826|2022-08-30|Inquiry|Unresolved
289|272|3874|2022-12-18|Feedback|Unresolved
290|274|4097|2022-06-08|Feedback|Unresolved
291|275|9437|2022-05-17|Feedback|Resolved
292|275|5075|2022-05-30|Inquiry|Unresolved
293|278|8392|2022-08-06|Feedback|Unresolved
294|279|7906|2022-04-13|Inquiry|Resolved
295|280|2395|2022-06-11|Complaint|Unresolved
296|280|5931|2022-04-10|Inquiry|Resolved
297|281|7303|2022-07-23|Inquiry|Resolved
298|282|2597|2022-10-25|Feedback|Resolved
299|286|2434|2022-06-13|Feedback|Unresolved
300|286|2892|2022-10-16|Feedback|Resolved
301|287|5233|2022-12-04|Inquiry|Unresolved
302|287|2311|2022-11-21|Inquiry|Resolved
303|288|7766|2022-10-25|Inquiry|Unresolved
304|288|5671|2022-11-17|Complaint|Unresolved
305|290|7709|2022-12-21|Inquiry|Unresolved
306|291|7408|2022-08-18|Complaint|Unresolved
307|291|5353|2022-07-26|Feedback|Unresolved
308|292|6429|2022-04-27|Feedback|Resolved
309|292|5561|2022-02-03|Feedback|Unresolved
310|294|2629|2022-09-08|Inquiry|Resolved
311|296|5678|2022-03-27|Inquiry|Unresolved
312|298|2358|2022-11-07|Feedback|Unresolved
313|299|5712|2022-01-05|Inquiry|Unresolved
314|299|5815|2022-06-03|Inquiry|Resolved
315|300|4714|2022-11-03|Inquiry|Resolved
316|300|5532|2022-01-04|Feedback|Resolved
317|301|2266|2022-09-30|Inquiry|Resolved
318|302|6461|2022-09-29|Inquiry|Resolved
319|302|9384|2022-07-20|Feedback|Resolved
320|303|8478|2022-08-23|Complaint|Resolved
321|304|3277|2022-12-08|Inquiry|Unresolved
322|307|2741|2022-03-16|Complaint|Resolved
323|309|5334|2022-12-28|Inquiry|Resolved
324|311|3327|2022-06-07|Complaint|Resolved
325|311|4203|2022-03-10|Complaint|Resolved
326|312|3419|2022-03-22|Inquiry|Unresolved
327|312|9812|2022-02-19|Feedback|Unresolved
328|314|5164|2022-08-03|Inquiry|Unresolved
329|315|5259|2022-01-17|Complaint|Unresolved
330|317|3746|2022-05-21|Complaint|Unresolved
331|317|7897|2022-02-04|Complaint|Unresolved
332|320|6249|2022-02-28|Complaint|Unresolved
333|320|7068|2022-01-13|Feedback|Resolved
334|321|9079|2022-11-27|Feedback|Resolved
335|321|9577|2022-05-03|Complaint|Unresolved
336|322|9344|2022-10-21|Inquiry|Unresolved
337|322|2506|2022-05-03|Feedback|Unresolved
338|323|2015|2022-05-07|Inquiry|Resolved
339|324|8475|2022-08-24|Complaint|Unresolved
340|324|7557|2022-08-19|Complaint|Unresolved
341|325|9741|2022-10-21|Complaint|Unresolved
342|325|3862|2022-11-23|Complaint|Unresolved
343|327|8486|2022-10-01|Complaint|Unresolved
344|327|2576|2022-12-30|Inquiry|Resolved
345|329|7246|2022-06-23|Feedback|Unresolved
346|331|5382|2022-11-22|Feedback|Resolved
347|331|7952|2022-05-04|Complaint|Unresolved
348|333|6784|2022-09-19|Inquiry|Unresolved
349|333|6333|2022-12-18|Complaint|Resolved
350|334|5023|2022-06-10|Complaint|Resolved
351|335|3650|2022-10-16|Feedback|Resolved
352|335|7851|2022-04-15|Feedback|Resolved
353|339|5501|2022-03-14|Feedback|Resolved
354|340|5117|2022-02-10|Complaint|Unresolved
355|341|9660|2022-05-26|Feedback|Resolved
356|342|2386|2022-12-11|Feedback|Resolved
357|343|8590|2022-12-27|Feedback|Resolved
358|343|6548|2022-10-03|Inquiry|Resolved
359|344|3559|2022-04-08|Feedback|Unresolved
360|344|9597|2022-01-15|Complaint|Resolved
361|345|8555|2022-08-04|Inquiry|Resolved
362|346|4677|2022-01-08|Inquiry|Unresolved
363|347|5378|2022-11-20|Feedback|Resolved
364|347|6774|2022-07-06|Complaint|Unresolved
365|348|5576|2022-03-10|Complaint|Resolved
366|349|7231|2022-06-13|Complaint|Resolved
367|349|7967|2022-03-30|Complaint|Resolved
368|350|5879|2022-06-09|Complaint|Unresolved
369|351|6806|2022-02-21|Complaint|Unresolved
370|352|7810|2022-12-06|Complaint|Unresolved
371|352|5410|2022-05-29|Complaint|Resolved
372|353|6440|2022-10-19|Inquiry|Resolved
373|353|3478|2022-10-04|Feedback|Unresolved
374|354|9560|2022-07-27|Feedback|Unresolved
375|355|4778|2022-05-11|Complaint|Unresolved
376|355|9573|2022-10-28|Inquiry|Resolved
377|357|3672|2022-08-12|Feedback|Unresolved
378|357|8196|2022-03-25|Inquiry|Resolved
379|358|4833|2022-10-19|Complaint|Unresolved
380|359|7631|2022-05-12|Complaint|Resolved
381|360|2804|2022-10-25|Complaint|Resolved
382|360|6791|2022-05-03|Feedback|Resolved
383|362|4502|2022-03-26|Feedback|Resolved
384|362|7247|2022-06-02|Complaint|Unresolved
385|363|7585|2022-02-01|Complaint|Resolved
386|364|7768|2022-05-15|Inquiry|Resolved
387|364|4540|2022-05-25|Inquiry|Resolved
388|365|7671|2022-06-20|Feedback|Resolved
389|367|2097|2022-05-03|Complaint|Unresolved
390|369|3852|2022-12-26|Inquiry|Unresolved
391|370|4911|2022-08-18|Inquiry|Unresolved
392|370|8316|2022-09-25|Feedback|Resolved
393|371|6736|2022-12-21|Feedback|Resolved
394|371|3293|2022-08-05|Feedback|Resolved
395|372|3139|2022-05-05|Complaint|Unresolved
396|372|8478|2022-11-16|Feedback|Resolved
397|373|3105|2022-02-18|Complaint|Unresolved
398|375|8463|2022-05-01|Feedback|Unresolved
399|376|7693|2022-06-05|Complaint|Resolved
400|377|8185|2022-05-27|Inquiry|Resolved
401|377|9108|2022-04-08|Feedback|Unresolved
402|378|3932|2022-08-03|Feedback|Resolved
403|378|3229|2022-09-07|Complaint|Unresolved
404|379|2320|2022-10-07|Complaint|Resolved
405|381|2284|2022-02-22|Inquiry|Resolved
406|382|8983|2022-11-17|Inquiry|Resolved
407|383|8154|2022-04-27|Feedback|Unresolved
408|383|8909|2022-01-13|Complaint|Resolved
409|384|9069|2022-11-17|Complaint|Resolved
410|384|4358|2022-09-22|Inquiry|Unresolved
411|386|6960|2022-03-30|Inquiry|Resolved
412|387|3670|2022-10-21|Complaint|Unresolved
413|387|9836|2022-12-02|Inquiry|Unresolved
414|392|5533|2022-06-24|Inquiry|Resolved
415|393|8690|2022-01-24|Inquiry|Resolved
416|394|3588|2022-07-27|Complaint|Resolved
417|394|2120|2022-07-29|Feedback|Unresolved
418|395|4279|2022-08-29|Complaint|Unresolved
419|395|9135|2022-07-29|Feedback|Resolved
420|396|9338|2022-05-24|Complaint|Unresolved
421|396|4467|2022-04-27|Complaint|Unresolved
422|398|4824|2022-09-22|Feedback|Resolved
423|399|8011|2022-08-04|Inquiry|Resolved
424|401|3656|2022-11-02|Complaint|Unresolved
425|401|7643|2022-06-16|Feedback|Resolved
426|402|9845|2022-04-14|Feedback|Unresolved
427|402|4229|2022-01-09|Inquiry|Resolved
428|403|5573|2022-07-11|Complaint|Resolved
429|403|8472|2022-09-14|Feedback|Resolved
430|404|8638|2022-01-27|Complaint|Resolved
431|406|5124|2022-09-25|Complaint|Resolved
432|406|4408|2022-08-07|Complaint|Unresolved
433|407|2404|2022-03-21|Complaint|Unresolved
434|408|3995|2022-05-21|Complaint|Resolved
435|408|7472|2022-09-25|Feedback|Unresolved
436|409|2201|2022-10-28|Feedback|Unresolved
437|410|2885|2022-09-26|Inquiry|Unresolved
438|413|5199|2022-09-09|Feedback|Unresolved
439|413|8569|2022-04-26|Inquiry|Unresolved
440|414|2806|2022-07-07|Feedback|Resolved
441|415|9389|2022-02-09|Inquiry|Resolved
442|416|9261|2022-03-27|Feedback|Unresolved
443|416|3637|2022-04-27|Complaint|Unresolved
444|418|4429|2022-10-05|Complaint|Unresolved
445|418|2526|2022-10-07|Inquiry|Resolved
446|420|3562|2022-08-07|Feedback|Resolved
447|420|5088|2022-03-01|Complaint|Resolved
448|421|9834|2022-05-09|Complaint|Unresolved
449|422|7292|2022-02-06|Feedback|Resolved
450|424|5959|2022-06-16|Inquiry|Unresolved
451|425|2839|2022-11-25|Inquiry|Unresolved
452|425|5125|2022-03-17|Complaint|Resolved
453|427|5742|2022-08-11|Feedback|Resolved
454|427|5976|2022-12-14|Inquiry|Resolved
455|428|7938|2022-07-01|Complaint|Resolved
456|428|6475|2022-09-06|Feedback|Unresolved
457|429|2495|2022-07-08|Complaint|Resolved
458|429|6681|2022-10-23|Complaint|Unresolved
459|430|6121|2022-05-04|Feedback|Unresolved
460|430|5818|2022-12-14|Inquiry|Resolved
461|431|7448|2022-04-24|Feedback|Resolved
462|434|8928|2022-09-30|Feedback|Unresolved
463|434|2443|2022-03-04|Feedback|Resolved
464|435|6415|2022-07-18|Complaint|Resolved
465|436|8612|2022-06-03|Feedback|Unresolved
466|436|4743|2022-12-03|Feedback|Resolved
467|438|4169|2022-04-09|Complaint|Resolved
468|439|6532|2022-02-20|Inquiry|Unresolved
469|439|3217|2022-06-28|Complaint|Unresolved
470|440|2148|2022-10-27|Feedback|Unresolved
471|440|7332|2022-05-06|Inquiry|Resolved
472|441|3982|2022-11-19|Complaint|Unresolved
473|442|3301|2022-10-22|Inquiry|Resolved
474|445|4379|2022-07-27|Feedback|Unresolved
475|445|4651|2022-12-24|Inquiry|Resolved
476|446|5002|2022-04-19|Inquiry|Unresolved
477|446|2978|2022-11-23|Feedback|Resolved
478|449|3695|2022-04-22|Inquiry|Unresolved
479|449|9352|2022-05-21|Complaint|Unresolved
480|451|4274|2022-10-11|Inquiry|Resolved
481|451|6835|2022-07-27|Complaint|Unresolved
482|452|5051|2022-06-18|Complaint|Unresolved
483|455|5487|2022-04-17|Complaint|Resolved
484|455|6405|2022-07-30|Feedback|Resolved
485|456|7578|2022-03-20|Complaint|Unresolved
486|457|8082|2022-03-20|Complaint|Unresolved
487|457|8393|2022-08-07|Feedback|Unresolved
488|459|5612|2022-04-24|Feedback|Unresolved
489|460|5935|2022-07-29|Feedback|Unresolved
490|460|4460|2022-01-14|Feedback|Unresolved
491|461|5072|2022-01-24|Feedback|Unresolved
492|461|7025|2022-07-23|Inquiry|Unresolved
493|467|8339|2022-04-18|Feedback|Resolved
494|469|5480|2022-07-01|Inquiry|Unresolved
495|469|8670|2022-02-02|Inquiry|Unresolved
496|470|5084|2022-03-19|Feedback|Unresolved
497|471|2239|2022-06-26|Complaint|Resolved
498|471|8210|2022-01-19|Inquiry|Unresolved
499|474|9812|2022-08-08|Inquiry|Unresolved
500|474|5957|2022-06-15|Complaint|Resolved
501|475|7829|2022-06-29|Complaint|Resolved
502|476|6004|2022-10-17|Inquiry|Resolved
503|479|6276|2022-09-15|Feedback|Unresolved
504|479|6397|2022-06-21|Feedback|Resolved
505|480|7765|2022-01-10|Feedback|Unresolved
506|481|7498|2022-04-21|Inquiry|Resolved
507|482|7122|2022-03-14|Feedback|Resolved
508|482|6860|2022-01-30|Feedback|Resolved
509|483|6304|2022-11-07|Feedback|Unresolved
510|485|5926|2022-11-14|Inquiry|Resolved
511|486|5106|2022-02-12|Complaint|Resolved
512|486|3186|2022-08-03|Feedback|Unresolved
513|487|8273|2022-11-08|Inquiry|Resolved
514|487|4133|2022-09-27|Inquiry|Unresolved
515|490|2626|2022-09-07|Feedback|Resolved
516|490|4818|2022-02-20|Feedback|Unresolved
517|491|5013|2022-12-28|Inquiry|Resolved
518|494|8620|2022-11-07|Complaint|Resolved
519|495|6442|2022-04-21|Inquiry|Unresolved
520|496|7695|2022-01-27|Feedback|Resolved
521|497|2728|2022-04-07|Complaint|Unresolved
522|497|2692|2022-05-28|Complaint|Unresolved
523|499|5421|2022-01-07|Complaint|Resolved
524|502|7102|2022-02-02|Feedback|Unresolved
525|502|7055|2022-04-03|Complaint|Unresolved
526|504|7995|2022-06-06|Feedback|Unresolved
527|505|8923|2022-05-14|Complaint|Unresolved
528|505|5618|2022-03-19|Complaint|Resolved
529|506|4409|2022-01-26|Inquiry|Unresolved
530|506|4112|2022-05-18|Complaint|Unresolved
531|507|6898|2022-09-18|Complaint|Unresolved
532|507|9915|2022-11-26|Inquiry|Resolved
533|509|2491|2022-08-20|Inquiry|Unresolved
534|510|3705|2022-10-24|Complaint|Unresolved
535|511|2700|2022-01-06|Complaint|Resolved
536|518|2149|2022-04-30|Feedback|Unresolved
537|518|3793|2022-04-23|Inquiry|Resolved
538|519|2916|2022-07-10|Complaint|Unresolved
539|519|8746|2022-06-01|Complaint|Resolved
540|520|7731|2022-08-28|Inquiry|Resolved
541|520|4466|2022-06-05|Complaint|Resolved
542|521|5602|2022-05-18|Complaint|Unresolved
543|521|4994|2022-01-31|Feedback|Resolved
544|522|2189|2022-09-11|Feedback|Unresolved
545|522|3818|2022-09-03|Feedback|Resolved
546|524|4443|2022-08-09|Feedback|Unresolved
547|525|2423|2022-11-24|Inquiry|Unresolved
548|526|2443|2022-03-21|Feedback|Resolved
549|528|8260|2022-12-12|Feedback|Resolved
550|529|2273|2022-01-13|Feedback|Unresolved
551|531|2578|2022-09-11|Complaint|Unresolved
552|532|6450|2022-01-21|Complaint|Unresolved
553|532|9783|2022-08-01|Feedback|Resolved
554|533|7789|2022-01-16|Feedback|Unresolved
555|534|3290|2022-09-19|Complaint|Unresolved
556|534|4173|2022-11-12|Inquiry|Unresolved
557|536|5834|2022-07-20|Feedback|Unresolved
558|538|7752|2022-02-07|Inquiry|Resolved
559|538|7777|2022-12-19|Feedback|Unresolved
560|539|3095|2022-08-02|Inquiry|Resolved
561|539|8689|2022-09-17|Feedback|Unresolved
562|540|4948|2022-07-10|Feedback|Unresolved
563|541|6687|2022-01-01|Complaint|Resolved
564|541|7564|2022-09-02|Complaint|Unresolved
565|543|7122|2022-02-06|Complaint|Unresolved
566|544|6882|2022-06-04|Complaint|Unresolved
567|545|4983|2022-08-12|Inquiry|Resolved
568|545|7682|2022-09-07|Complaint|Resolved
569|546|3594|2022-09-04|Complaint|Resolved
570|546|9554|2022-08-19|Complaint|Resolved
571|550|7189|2022-12-22|Complaint|Unresolved
572|550|7293|2022-12-04|Inquiry|Resolved
573|551|4572|2022-06-30|Feedback|Unresolved
574|551|3549|2022-01-03|Complaint|Unresolved
575|554|5241|2022-03-30|Feedback|Resolved
576|556|2434|2022-11-01|Feedback|Resolved
577|557|4107|2022-12-23|Feedback|Resolved
578|557|8568|2022-05-13|Feedback|Unresolved
579|559|4076|2022-01-19|Complaint|Unresolved
580|561|3871|2022-04-21|Feedback|Resolved
581|565|7222|2022-10-29|Inquiry|Resolved
582|565|6539|2022-06-04|Inquiry|Unresolved
583|568|5265|2022-07-11|Feedback|Resolved
584|569|2621|2022-10-21|Complaint|Resolved
585|570|5938|2022-08-24|Complaint|Resolved
586|570|6866|2022-10-30|Feedback|Unresolved
587|571|9434|2022-03-14|Feedback|Unresolved
588|574|5071|2022-09-30|Feedback|Resolved
589|575|4840|2022-08-06|Complaint|Unresolved
590|575|4781|2022-09-14|Inquiry|Resolved
591|576|7290|2022-08-30|Feedback|Unresolved
592|576|8905|2022-06-05|Feedback|Unresolved
593|577|9871|2022-07-21|Feedback|Unresolved
594|578|4200|2022-09-21|Complaint|Resolved
595|580|7410|2022-12-02|Complaint|Resolved
596|580|7990|2022-06-18|Feedback|Unresolved
597|581|5828|2022-07-24|Complaint|Unresolved
598|584|3771|2022-06-18|Complaint|Unresolved
599|584|6303|2022-03-23|Feedback|Resolved
600|585|3755|2022-04-23|Feedback|Resolved
601|585|5185|2022-07-13|Inquiry|Resolved
602|586|5573|2022-03-12|Feedback|Unresolved
603|587|9373|2022-12-18|Inquiry|Resolved
604|588|3755|2022-06-11|Inquiry|Unresolved
605|588|5610|2022-02-05|Complaint|Resolved
606|589|7400|2022-07-07|Inquiry|Resolved
607|589|2766|2022-11-19|Complaint|Unresolved
608|591|5771|2022-08-27|Complaint|Unresolved
609|591|9965|2022-08-09|Feedback|Resolved
610|593|9640|2022-09-15|Feedback|Resolved
611|594|2659|2022-12-25|Inquiry|Unresolved
612|594|5885|2022-07-15|Feedback|Resolved
613|595|3529|2022-10-26|Feedback|Resolved
614|597|3569|2022-07-21|Feedback|Unresolved
615|599|3069|2022-05-27|Complaint|Resolved
616|599|8546|2022-11-08|Feedback|Resolved
617|600|9133|2022-05-05|Inquiry|Unresolved
618|601|5900|2022-04-15|Complaint|Unresolved
619|601|4936|2022-04-08|Feedback|Resolved
620|604|2500|2022-07-26|Feedback|Unresolved
621|604|9490|2022-09-22|Complaint|Resolved
622|607|3008|2022-11-16|Complaint|Unresolved
623|608|9095|2022-09-05|Complaint|Unresolved
624|609|3413|2022-08-13|Complaint|Resolved
625|609|8430|2022-07-31|Complaint|Unresolved
626|611|4253|2022-06-27|Complaint|Unresolved
627|612|7649|2022-08-13|Complaint|Resolved
628|612|8635|2022-03-13|Feedback|Resolved
629|614|5713|2022-11-15|Feedback|Resolved
630|615|4946|2022-08-12|Feedback|Unresolved
631|615|4953|2022-02-05|Feedback|Resolved
632|616|7286|2022-08-19|Feedback|Unresolved
633|618|6394|2022-02-19|Feedback|Resolved
634|618|3744|2022-05-14|Inquiry|Resolved
635|619|8300|2022-11-25|Feedback|Unresolved
636|620|4639|2022-02-27|Complaint|Unresolved
637|621|7124|2022-07-28|Feedback|Resolved
638|622|3499|2022-06-27|Inquiry|Unresolved
639|623|8892|2022-11-07|Inquiry|Unresolved
640|623|9322|2022-11-19|Inquiry|Unresolved
641|627|2781|2022-07-11|Feedback|Resolved
642|628|5082|2022-11-26|Inquiry|Resolved
643|629|5994|2022-09-10|Feedback|Unresolved
644|629|8485|2022-06-13|Feedback|Resolved
645|630|2189|2022-03-10|Inquiry|Unresolved
646|631|5580|2022-11-13|Complaint|Resolved
647|631|3859|2022-09-07|Inquiry|Unresolved
648|632|3926|2022-02-07|Inquiry|Unresolved
649|633|7129|2022-07-22|Feedback|Unresolved
650|633|7586|2022-03-27|Feedback|Unresolved
651|634|7201|2022-11-16|Inquiry|Unresolved
652|634|3313|2022-06-10|Complaint|Unresolved
653|635|7206|2022-03-17|Feedback|Unresolved
654|636|2232|2022-07-26|Inquiry|Unresolved
655|636|4877|2022-12-19|Inquiry|Resolved
656|637|5106|2022-07-07|Feedback|Resolved
657|639|7665|2022-09-24|Inquiry|Unresolved
658|640|4479|2022-08-30|Feedback|Unresolved
659|640|4658|2022-07-14|Complaint|Resolved
660|641|9844|2022-03-04|Inquiry|Unresolved
661|641|9401|2022-02-28|Complaint|Resolved
662|642|5196|2022-10-18|Complaint|Unresolved
663|644|7641|2022-06-12|Feedback|Resolved
664|645|9947|2022-09-11|Feedback|Resolved
665|645|5790|2022-10-18|Feedback|Unresolved
666|647|4825|2022-06-24|Feedback|Resolved
667|647|9103|2022-05-10|Complaint|Unresolved
668|648|9361|2022-03-09|Feedback|Resolved
669|649|4008|2022-09-17|Inquiry|Unresolved
670|650|6566|2022-09-15|Complaint|Resolved
671|652|8374|2022-03-18|Complaint|Unresolved
672|652|2102|2022-06-15|Feedback|Unresolved
673|653|2421|2022-12-04|Feedback|Resolved
674|654|2551|2022-03-14|Inquiry|Resolved
675|655|2280|2022-06-11|Inquiry|Unresolved
676|655|9611|2022-12-16|Complaint|Unresolved
677|657|4494|2022-09-01|Feedback|Resolved
678|658|5199|2022-02-07|Feedback|Unresolved
679|659|9789|2022-05-13|Complaint|Unresolved
680|659|4430|2022-08-16|Feedback|Resolved
681|660|7821|2022-04-24|Complaint|Resolved
682|660|9411|2022-08-25|Feedback|Unresolved
683|663|7239|2022-02-23|Complaint|Unresolved
684|664|5133|2022-10-29|Complaint|Unresolved
685|665|8699|2022-12-30|Complaint|Unresolved
686|667|8809|2022-03-08|Inquiry|Resolved
687|668|9203|2022-12-15|Feedback|Unresolved
688|669|6673|2022-02-07|Complaint|Unresolved
689|669|5134|2022-12-20|Inquiry|Resolved
690|671|6616|2022-10-22|Complaint|Resolved
691|672|5070|2022-06-25|Feedback|Resolved
692|672|4167|2022-02-05|Feedback|Resolved
693|673|9433|2022-03-31|Feedback|Resolved
694|673|3478|2022-03-17|Complaint|Resolved
695|674|8560|2022-02-23|Feedback|Resolved
696|674|5011|2022-03-20|Complaint|Unresolved
697|675|9377|2022-07-21|Inquiry|Resolved
698|675|2155|2022-06-06|Inquiry|Resolved
699|677|9685|2022-08-12|Complaint|Unresolved
700|677|9351|2022-07-18|Complaint|Resolved
701|678|2293|2022-10-09|Complaint|Resolved
702|679|4394|2022-07-20|Inquiry|Unresolved
703|679|7667|2022-02-27|Inquiry|Resolved
704|682|9620|2022-08-16|Feedback|Resolved
705|683|5775|2022-06-14|Inquiry|Unresolved
706|683|6361|2022-02-20|Inquiry|Resolved
707|684|7578|2022-01-21|Inquiry|Resolved
708|687|8550|2022-01-16|Feedback|Resolved
709|688|8931|2022-12-03|Feedback|Unresolved
710|688|7860|2022-12-01|Feedback|Resolved
711|693|3751|2022-07-07|Complaint|Resolved
712|695|2906|2022-04-19|Feedback|Resolved
713|695|8308|2022-01-24|Feedback|Unresolved
714|696|4735|2022-10-19|Complaint|Unresolved
715|700|5884|2022-03-03|Feedback|Unresolved
716|700|8574|2022-02-03|Feedback|Resolved
717|703|3912|2022-07-19|Complaint|Resolved
718|703|7353|2022-06-09|Feedback|Resolved
719|705|5903|2022-10-14|Feedback|Unresolved
720|705|3747|2022-01-10|Feedback|Unresolved
721|706|4683|2022-05-23|Inquiry|Unresolved
722|707|6251|2022-02-02|Feedback|Unresolved
723|708|6576|2022-04-07|Inquiry|Unresolved
724|711|2633|2022-10-12|Complaint|Unresolved
725|712|8384|2022-06-26|Feedback|Resolved
726|712|2125|2022-02-06|Feedback|Resolved
727|713|4688|2022-02-23|Feedback|Resolved
728|715|7909|2022-10-27|Feedback|Unresolved
729|716|6224|2022-05-07|Feedback|Unresolved
730|716|9724|2022-03-20|Feedback|Resolved
731|717|2499|2022-11-15|Feedback|Unresolved
732|717|4922|2022-02-10|Inquiry|Unresolved
733|718|6162|2022-08-17|Inquiry|Unresolved
734|720|2737|2022-06-24|Feedback|Resolved
735|720|9596|2022-01-17|Inquiry|Unresolved
736|722|6144|2022-07-04|Feedback|Unresolved
737|723|8742|2022-12-07|Feedback|Resolved
738|723|7427|2022-06-14|Inquiry|Resolved
739|724|2070|2022-01-25|Inquiry|Unresolved
740|726|7109|2022-10-30|Complaint|Resolved
741|728|8721|2022-10-09|Complaint|Unresolved
742|729|3360|2022-07-23|Inquiry|Resolved
743|730|2880|2022-02-26|Feedback|Resolved
744|732|4278|2022-01-18|Inquiry|Unresolved
745|733|6266|2022-02-02|Inquiry|Unresolved
746|733|7128|2022-03-22|Inquiry|Unresolved
747|734|5166|2022-03-12|Complaint|Resolved
748|734|8059|2022-12-11|Inquiry|Unresolved
749|735|5939|2022-07-02|Feedback|Resolved
750|735|6486|2022-08-14|Feedback|Unresolved
751|736|4803|2022-08-05|Complaint|Unresolved
752|737|7378|2022-03-28|Inquiry|Unresolved
753|737|3860|2022-09-05|Feedback|Resolved
754|738|5245|2022-11-05|Complaint|Unresolved
755|738|4682|2022-08-19|Complaint|Unresolved
756|740|2817|2022-07-03|Complaint|Resolved
757|741|9748|2022-06-11|Complaint|Resolved
758|743|5698|2022-03-08|Feedback|Resolved
759|743|9217|2022-02-17|Complaint|Resolved
760|746|9027|2022-10-01|Inquiry|Resolved
761|747|2229|2022-03-09|Complaint|Unresolved
762|747|8086|2022-01-26|Feedback|Unresolved
763|749|3012|2022-02-16|Inquiry|Resolved
764|749|7159|2022-09-03|Complaint|Unresolved
765|750|3080|2022-07-29|Feedback|Unresolved
766|750|2893|2022-05-26|Feedback|Resolved
767|751|4355|2022-12-28|Complaint|Resolved
768|752|9885|2022-12-29|Feedback|Resolved
769|752|3454|2022-07-23|Feedback|Resolved
770|753|8792|2022-08-25|Inquiry|Unresolved
771|753|2849|2022-11-03|Complaint|Resolved
772|757|9257|2022-11-26|Feedback|Resolved
773|758|8305|2022-12-14|Inquiry|Unresolved
774|758|2658|2022-07-01|Feedback|Unresolved
775|759|7040|2022-05-19|Complaint|Resolved
776|760|9300|2022-03-13|Inquiry|Unresolved
777|760|3725|2022-06-17|Feedback|Resolved
778|761|7110|2022-05-14|Feedback|Resolved
779|762|5732|2022-03-09|Complaint|Unresolved
780|763|6016|2022-12-14|Feedback|Resolved
781|763|6708|2022-09-10|Complaint|Resolved
782|765|5203|2022-10-31|Inquiry|Resolved
783|766|4575|2022-09-22|Feedback|Resolved
784|766|2027|2022-02-17|Complaint|Resolved
785|769|9250|2022-01-01|Inquiry|Resolved
786|769|8596|2022-03-26|Complaint|Unresolved
787|770|2202|2022-10-17|Feedback|Unresolved
788|770|6780|2022-01-02|Inquiry|Unresolved
789|771|9943|2022-05-02|Complaint|Unresolved
790|771|3634|2022-05-22|Inquiry|Resolved
791|772|4233|2022-12-19|Feedback|Unresolved
792|772|5276|2022-06-30|Inquiry|Unresolved
793|775|8904|2022-12-09|Feedback|Resolved
794|776|2133|2022-08-30|Complaint|Unresolved
795|776|2146|2022-02-21|Feedback|Resolved
796|778|2118|2022-09-24|Complaint|Unresolved
797|778|8759|2022-12-14|Inquiry|Resolved
798|779|3327|2022-03-31|Inquiry|Resolved
799|780|8469|2022-09-11|Complaint|Unresolved
800|781|6969|2022-03-29|Inquiry|Resolved
801|782|8743|2022-07-14|Feedback|Unresolved
802|784|6927|2022-04-28|Feedback|Resolved
803|784|8967|2022-03-11|Feedback|Unresolved
804|785|2210|2022-03-24|Feedback|Resolved
805|786|5795|2022-08-04|Feedback|Resolved
806|786|7390|2022-01-09|Feedback|Unresolved
807|787|2929|2022-10-27|Complaint|Unresolved
808|787|8153|2022-09-15|Complaint|Resolved
809|789|8888|2022-07-21|Feedback|Resolved
810|789|6801|2022-05-09|Complaint|Resolved
811|790|5445|2022-08-11|Feedback|Resolved
812|791|5374|2022-03-02|Feedback|Resolved
813|791|8824|2022-11-12|Inquiry|Resolved
814|792|8455|2022-05-15|Inquiry|Resolved
815|792|9493|2022-12-20|Feedback|Unresolved
816|793|4052|2022-08-22|Inquiry|Resolved
817|794|6457|2022-05-20|Complaint|Resolved
818|794|8898|2022-04-25|Complaint|Resolved
819|795|3549|2022-11-10|Feedback|Resolved
820|797|9626|2022-01-13|Inquiry|Resolved
821|798|4603|2022-03-25|Feedback|Resolved
822|798|7499|2022-04-01|Feedback|Resolved
823|799|6098|2022-01-30|Feedback|Unresolved
824|800|5458|2022-10-02|Inquiry|Resolved
825|800|7105|2022-07-17|Complaint|Unresolved
826|802|4245|2022-02-20|Inquiry|Unresolved
827|802|9532|2022-10-15|Inquiry|Resolved
828|803|3737|2022-11-22|Feedback|Unresolved
829|804|2615|2022-10-16|Inquiry|Resolved
830|805|2153|2022-06-09|Complaint|Resolved
831|806|7775|2022-06-28|Complaint|Resolved
832|808|9002|2022-10-22|Feedback|Resolved
833|808|7272|2022-04-16|Feedback|Unresolved
834|810|9209|2022-09-05|Complaint|Resolved
835|811|7467|2022-06-21|Complaint|Resolved
836|812|3097|2022-07-13|Feedback|Resolved
837|812|7000|2022-01-19|Complaint|Resolved
838|814|6970|2022-08-31|Inquiry|Resolved
839|814|3646|2022-09-04|Feedback|Resolved
840|818|9448|2022-11-15|Complaint|Resolved
841|819|5389|2022-08-26|Feedback|Unresolved
842|821|6608|2022-05-30|Complaint|Resolved
843|822|9404|2022-01-29|Complaint|Unresolved
844|822|2637|2022-06-06|Inquiry|Unresolved
845|823|3534|2022-11-03|Inquiry|Resolved
846|826|2747|2022-05-24|Complaint|Unresolved
847|828|4664|2022-07-27|Feedback|Unresolved
848|831|6228|2022-06-28|Inquiry|Unresolved
849|833|5999|2022-04-23|Inquiry|Unresolved
850|834|8783|2022-04-21|Inquiry|Unresolved
851|835|3563|2022-11-21|Complaint|Resolved
852|836|3149|2022-09-20|Feedback|Resolved
853|836|8648|2022-09-18|Complaint|Resolved
854|838|2233|2022-08-26|Complaint|Resolved
855|838|5610|2022-10-21|Feedback|Unresolved
856|840|7971|2022-01-24|Complaint|Resolved
857|841|8385|2022-04-11|Feedback|Unresolved
858|842|2385|2022-08-05|Complaint|Resolved
859|843|2620|2022-12-26|Complaint|Resolved
860|847|9892|2022-02-10|Inquiry|Resolved
861|847|8701|2022-07-17|Complaint|Resolved
862|848|2963|2022-09-04|Inquiry|Resolved
863|848|2801|2022-07-07|Feedback|Unresolved
864|849|3736|2022-05-27|Inquiry|Resolved
865|849|7106|2022-10-16|Complaint|Unresolved
866|851|2973|2022-11-09|Inquiry|Resolved
867|852|8533|2022-07-15|Complaint|Unresolved
868|853|3630|2022-05-30|Complaint|Unresolved
869|854|7837|2022-01-28|Inquiry|Unresolved
870|854|8748|2022-11-29|Inquiry|Resolved
871|855|5267|2022-12-13|Feedback|Unresolved
872|855|2045|2022-02-25|Feedback|Resolved
873|857|4166|2022-06-02|Feedback|Resolved
874|858|4452|2022-08-07|Inquiry|Resolved
875|858|9156|2022-07-22|Complaint|Resolved
876|860|2688|2022-02-17|Feedback|Unresolved
877|860|9335|2022-04-05|Feedback|Resolved
878|861|5632|2022-05-14|Inquiry|Resolved
879|863|4780|2022-06-29|Inquiry|Resolved
880|863|2121|2022-04-20|Inquiry|Unresolved
881|865|5509|2022-10-21|Inquiry|Unresolved
882|869|5240|2022-06-09|Feedback|Unresolved
883|869|9934|2022-08-10|Complaint|Resolved
884|870|4478|2022-11-29|Inquiry|Unresolved
885|871|2460|2022-07-16|Inquiry|Resolved
886|871|7926|2022-03-21|Complaint|Unresolved
887|874|8867|2022-06-01|Inquiry|Resolved
888|874|9220|2022-10-02|Feedback|Resolved
889|876|9818|2022-10-08|Inquiry|Resolved
890|879|9659|2022-09-15|Feedback|Resolved
891|880|8438|2022-06-05|Feedback|Resolved
892|880|6694|2022-07-06|Feedback|Resolved
893|881|2704|2022-09-30|Complaint|Resolved
894|881|5423|2022-04-10|Inquiry|Unresolved
895|883|9222|2022-05-03|Inquiry|Unresolved
896|883|4689|2022-01-25|Complaint|Unresolved
897|884|6009|2022-07-02|Feedback|Unresolved
898|885|2490|2022-10-04|Feedback|Unresolved
899|885|2307|2022-03-25|Feedback|Resolved
900|886|3001|2022-04-08|Complaint|Resolved
901|887|3277|2022-01-27|Feedback|Unresolved
902|887|3163|2022-05-04|Complaint|Resolved
903|888|6698|2022-01-30|Inquiry|Unresolved
904|890|3724|2022-10-07|Feedback|Resolved
905|890|2150|2022-12-22|Inquiry|Resolved
906|891|7464|2022-05-29|Feedback|Unresolved
907|891|4858|2022-12-08|Inquiry|Unresolved
908|892|3101|2022-04-24|Feedback|Unresolved
909|893|5741|2022-06-21|Inquiry|Unresolved
910|893|9491|2022-10-09|Complaint|Resolved
911|894|4284|2022-06-25|Feedback|Unresolved
912|894|4632|2022-01-31|Feedback|Resolved
913|896|5659|2022-10-12|Feedback|Resolved
914|897|8214|2022-10-05|Complaint|Unresolved
915|897|6097|2022-12-17|Inquiry|Unresolved
916|898|7376|2022-08-25|Feedback|Unresolved
917|899|6308|2022-07-05|Feedback|Unresolved
918|900|4285|2022-09-28|Inquiry|Resolved
919|902|6830|2022-09-15|Feedback|Unresolved
920|902|3061|2022-02-04|Feedback|Resolved
921|903|3283|2022-08-02|Complaint|Resolved
922|904|8006|2022-06-02|Complaint|Resolved
923|905|3607|2022-06-17|Inquiry|Unresolved
924|908|2066|2022-06-20|Complaint|Unresolved
925|908|3993|2022-05-26|Inquiry|Resolved
926|912|6737|2022-11-11|Complaint|Unresolved
927|913|5830|2022-08-24|Inquiry|Resolved
928|913|4643|2022-10-20|Feedback|Resolved
929|914|4146|2022-03-02|Feedback|Resolved
930|914|5122|2022-07-09|Complaint|Unresolved
931|917|5819|2022-06-17|Feedback|Resolved
932|920|5917|2022-02-06|Feedback|Unresolved
933|921|6843|2022-07-20|Inquiry|Unresolved
934|922|5346|2022-07-02|Complaint|Unresolved
935|923|6201|2022-12-10|Feedback|Unresolved
936|923|9997|2022-01-06|Inquiry|Unresolved
937|924|2912|2022-10-02|Inquiry|Unresolved
938|928|7161|2022-12-05|Feedback|Unresolved
939|928|9824|2022-05-19|Inquiry|Resolved
940|931|4160|2022-07-15|Inquiry|Unresolved
941|932|5632|2022-06-04|Inquiry|Resolved
942|933|7914|2022-05-02|Complaint|Unresolved
943|933|5537|2022-03-23|Feedback|Resolved
944|934|2447|2022-02-24|Feedback|Resolved
945|935|6382|2022-04-10|Feedback|Resolved
946|935|6899|2022-03-23|Feedback|Resolved
947|937|4270|2022-10-04|Feedback|Resolved
948|937|2964|2022-04-27|Complaint|Unresolved
949|938|4628|2022-11-17|Inquiry|Unresolved
950|940|6895|2022-02-26|Complaint|Resolved
951|940|6880|2022-09-09|Complaint|Unresolved
952|943|3238|2022-10-13|Inquiry|Resolved
953|944|5670|2022-02-04|Complaint|Unresolved
954|944|7012|2022-09-26|Complaint|Resolved
955|947|8827|2022-01-29|Feedback|Unresolved
956|951|3252|2022-05-19|Feedback|Resolved
957|951|4851|2022-06-21|Complaint|Unresolved
958|952|8055|2022-10-04|Inquiry|Unresolved
959|953|6632|2022-10-21|Feedback|Unresolved
960|953|3075|2022-03-04|Complaint|Resolved
961|955|6650|2022-12-23|Inquiry|Resolved
962|955|2668|2022-07-05|Complaint|Unresolved
963|958|9254|2022-04-08|Complaint|Unresolved
964|960|6001|2022-05-02|Feedback|Unresolved
965|960|5196|2022-06-18|Feedback|Unresolved
966|961|2084|2022-12-10|Feedback|Unresolved
967|961|6072|2022-10-02|Inquiry|Resolved
968|962|3863|2022-06-13|Feedback|Unresolved
969|962|8746|2022-02-12|Feedback|Unresolved
970|963|6205|2022-11-19|Inquiry|Resolved
971|963|2049|2022-06-14|Inquiry|Resolved
972|964|4334|2022-11-01|Feedback|Resolved
973|964|6316|2022-06-22|Inquiry|Unresolved
974|965|7963|2022-05-17|Complaint|Unresolved
975|968|3391|2022-12-04|Inquiry|Resolved
976|969|3938|2022-11-12|Complaint|Unresolved
977|970|7808|2022-06-28|Feedback|Unresolved
978|970|6552|2022-03-15|Complaint|Unresolved
979|977|5311|2022-03-02|Inquiry|Resolved
980|977|4224|2022-04-05|Complaint|Resolved
981|978|4336|2022-10-10|Complaint|Unresolved
982|979|4543|2022-07-24|Feedback|Resolved
983|980|2268|2022-09-07|Complaint|Unresolved
984|982|3403|2022-09-26|Inquiry|Resolved
985|983|6593|2022-11-14|Complaint|Resolved
986|983|9056|2022-05-30|Complaint|Unresolved
987|984|7632|2022-03-20|Complaint|Resolved
988|985|8890|2022-04-28|Feedback|Unresolved
989|985|9089|2022-05-11|Feedback|Resolved
990|986|9975|2022-01-01|Inquiry|Resolved
991|986|7297|2022-05-27|Complaint|Resolved
992|988|9242|2022-04-12|Complaint|Unresolved
993|988|2095|2022-02-22|Inquiry|Unresolved
994|989|3638|2022-10-07|Complaint|Unresolved
995|989|9944|2022-08-03|Complaint|Unresolved
996|990|9113|2022-09-17|Feedback|Resolved
997|990|3671|2022-10-25|Complaint|Unresolved
998|992|2114|2022-09-29|Feedback|Unresolved
999|994|3087|2022-07-02|Complaint|Unresolved
1000|994|8508|2022-05-14|Complaint|Unresolved
1001|995|9101|2022-05-02|Inquiry|Resolved
